County,Public Level 1,Shared Private Level 1,Public Level 2,Shared Private Level 2,Public DC Fast,Shared Private DC Fast,Total,Date,,,,,,,,,
Alameda,4,72,1625,2488,398,37,4624,9/1/2023,big,1500,,,,,,,
Alpine,0,0,10,0,0,0,10,9/1/2023,small',,,,,,Alameda,4,72
Amador,0,0,26,0,8,0,34,9/1/2023,small',,,,,,Alpine,0,0
Butte,6,0,63,55,25,0,149,9/1/2023,small',find all total chargers for alameda,,,,,Amador,0,0
Calaveras,0,2,9,0,12,0,23,9/1/2023,small',Alameda,total cars,51881,,sumifs,Butte,6,0
Colusa,0,0,16,2,18,0,36,9/1/2023,small',Alpine,,175,,,Calaveras,0,2
Contra Costa,0,2,689,758,279,6,1734,9/1/2023,big,Amador,,459,,,Colusa,0,0
Del Norte,0,0,16,1,28,2,47,9/1/2023,small',Butte,,1456,,,Contra Costa,0,2
El Dorado,1,0,155,4,53,1,214,9/1/2023,small',Calaveras,,237,,,Del Norte,0,0
Fresno,23,1,483,506,285,15,1313,9/1/2023,small',Colusa,,426,,,El Dorado,1,0
Glenn,0,0,4,0,10,0,14,9/1/2023,small',Contra Costa,,19418,,,Fresno,23,1
Humboldt,0,0,111,10,36,0,157,9/1/2023,small',Del Norte,,434,,,Glenn,0,0
Imperial,0,0,13,12,24,1,50,9/1/2023,small',El Dorado,,2352,,,Humboldt,0,0
Inyo,0,0,4,5,44,1,54,9/1/2023,small',Fresno,,14646,,,Imperial,0,0
Kern,5,1,221,260,306,4,797,9/1/2023,small',,,,,,Inyo,0,0
Kings,0,0,60,247,112,0,419,9/1/2023,small',,,,,,Kern,5,1
Lake,0,0,17,0,0,0,17,9/1/2023,small',,,,,,Kings,0,0
Lassen,0,1,7,0,8,0,16,9/1/2023,small',,,,,,Lake,0,0
Los Angeles,33,120,8213,18893,1906,268,29433,9/1/2023,big,,if county is,Contra Costa,,,Lassen,0,1
Madera,0,1,72,40,79,10,202,9/1/2023,small',,show total,1734,,,Los Angeles,33,120
Marin,0,0,476,509,97,0,1082,9/1/2023,small',,,,,,Madera,0,1
Mariposa,0,0,27,0,32,0,59,9/1/2023,,,6,,,,Marin,0,0
Mendocino,0,0,135,20,59,0,214,9/1/2023,,,,,,,,,
Merced,10,2,51,31,58,3,155,9/1/2023,,,xlookup,,,,,,
Modoc,0,0,4,0,8,0,12,9/1/2023,,,,,,,,,
Mono,0,0,19,7,12,0,38,9/1/2023,,,,,,,,,
Monterey,0,0,254,71,154,1,480,9/1/2023,,,,,,,,,
Napa,0,0,346,54,42,0,442,9/1/2023,,,,,,,,,
Nevada,0,1,43,43,57,0,144,9/1/2023,,,,,,,,,
Orange,1,0,3103,2002,874,22,6002,9/1/2023,,,,,,,,,
Placer,0,1,274,106,137,4,522,9/1/2023,,,,,,,,,
Plumas,0,0,7,0,0,0,7,9/1/2023,,,,,,,,,
Riverside,0,1,1098,219,506,11,1835,9/1/2023,,,,,,,,,
Sacramento,65,18,1053,741,308,20,2205,9/1/2023,,,,,,,,,
San Benito,0,0,14,10,5,0,29,9/1/2023,,,,,,,,,
San Bernardino,1,11,741,494,562,32,1841,9/1/2023,,,,,,,,,
San Diego,0,17,2565,4879,604,29,8094,9/1/2023,,,,,,,,,
San Francisco,9,6,748,1134,139,34,2070,9/1/2023,,,,,,,,,
San Joaquin,0,0,286,280,148,14,728,9/1/2023,,,,,,,,,
San Luis Obispo,0,1,394,174,134,2,705,9/1/2023,,,,,,,,,
San Mateo,34,36,2122,2235,361,10,4798,9/1/2023,,,,,,,,,
Santa Barbara,0,2,280,132,110,2,526,9/1/2023,,,,,,,,,
Santa Clara,2,75,3995,13362,698,61,18193,9/1/2023,,,,,,,,,
Santa Cruz,0,0,196,97,76,0,369,9/1/2023,,,,,,,,,
Shasta,0,0,85,48,42,4,179,9/1/2023,,,,,,,,,
Sierra,0,0,2,0,0,0,2,9/1/2023,,,,,,,,,
Siskiyou,0,1,20,0,48,0,69,9/1/2023,,,,,,,,,
Solano,2,0,244,183,147,2,578,9/1/2023,,,,,,,,,
Sonoma,0,0,502,228,122,19,871,9/1/2023,,,,,,,,,
Stanislaus,0,1,84,47,67,3,202,9/1/2023,,,,,,,,,
Sutter,0,0,9,5,16,1,31,9/1/2023,,,,,,,,,
Tehama,0,0,12,46,32,1,91,9/1/2023,,,,,,,,,
Trinity,0,0,4,0,8,0,12,9/1/2023,,,,,,,,,
Tulare,0,3,116,64,69,23,275,9/1/2023,,,,,,,,,
Tuolumne,0,0,32,12,10,0,54,9/1/2023,,,,,,,,,
Ventura,4,0,380,320,165,6,875,9/1/2023,,,,,,,,,
Yolo,14,0,223,132,59,4,432,9/1/2023,,,,,,,,,
Yuba,0,0,21,51,8,0,80,9/1/2023,,,,,,,,,
Alameda,4,72,1521,2488,382,37,4504,6/1/2023,,,,,,,,,
Alpine,0,0,10,0,0,0,10,6/1/2023,,,,,,,,,
Amador,0,0,26,0,8,0,34,6/1/2023,,,,,,,,,
Butte,6,0,61,55,25,0,147,6/1/2023,,,,,,,,,
Calaveras,0,2,7,0,12,0,21,6/1/2023,,,,,,,,,
Colusa,0,0,16,2,18,0,36,6/1/2023,,,,,,,,,
Contra Costa,0,2,648,758,260,6,1674,6/1/2023,,,,,,,,,
Del Norte,0,0,16,1,28,2,47,6/1/2023,,,,,,,,,
El Dorado,1,0,140,4,56,1,202,6/1/2023,,,,,,,,,
Fresno,23,1,510,506,318,15,1373,6/1/2023,,,,,,,,,
Glenn,0,0,4,0,10,0,14,6/1/2023,,,,,,,,,
Humboldt,0,0,111,10,36,0,157,6/1/2023,,,,,,,,,
Imperial,0,0,13,12,24,1,50,6/1/2023,,,,,,,,,
Inyo,0,0,10,5,36,1,52,6/1/2023,,,,,,,,,
Kern,5,1,197,260,254,4,721,6/1/2023,,,,,,,,,
Kings,0,0,49,247,114,0,410,6/1/2023,,,,,,,,,
Lake,0,0,14,0,0,0,14,6/1/2023,,,,,,,,,
Lassen,0,1,7,0,8,0,16,6/1/2023,,,,,,,,,
Los Angeles,33,120,7948,18893,1789,268,29051,6/1/2023,,,,,,,,,
Madera,0,1,63,40,89,10,203,6/1/2023,,,,,,,,,
Marin,1,0,447,509,91,0,1048,6/1/2023,,,,,,,,,
Mariposa,0,0,28,0,32,0,60,6/1/2023,,,,,,,,,
Mendocino,0,0,126,20,57,0,203,6/1/2023,,,,,,,,,
Merced,10,2,33,31,45,3,124,6/1/2023,,,,,,,,,
Modoc,0,0,4,0,8,0,12,6/1/2023,,,,,,,,,
Mono,0,0,19,7,12,0,38,6/1/2023,,,,,,,,,
Monterey,0,0,262,71,153,1,487,6/1/2023,,,,,,,,,
Napa,0,0,337,54,42,0,433,6/1/2023,,,,,,,,,
Nevada,0,1,44,43,56,0,144,6/1/2023,,,,,,,,,
Orange,1,0,2945,2002,827,22,5797,6/1/2023,,,,,,,,,
Placer,0,1,269,106,138,4,518,6/1/2023,,,,,,,,,
Plumas,0,0,7,0,0,0,7,6/1/2023,,,,,,,,,
Riverside,0,1,1066,219,448,11,1745,6/1/2023,,,,,,,,,
Sacramento,65,18,997,741,308,20,2149,6/1/2023,,,,,,,,,
San Benito,0,0,14,10,4,0,28,6/1/2023,,,,,,,,,
San Bernardino,1,11,694,494,535,32,1767,6/1/2023,,,,,,,,,
San Diego,2,17,2423,4879,610,29,7960,6/1/2023,,,,,,,,,
San Francisco,9,6,700,1134,119,34,2002,6/1/2023,,,,,,,,,
San Joaquin,0,0,252,280,134,14,680,6/1/2023,,,,,,,,,
San Luis Obispo,0,1,384,174,133,2,694,6/1/2023,,,,,,,,,
San Mateo,2,36,2019,2235,317,10,4619,6/1/2023,,,,,,,,,
Santa Barbara,0,2,320,132,110,2,566,6/1/2023,,,,,,,,,
Santa Clara,2,75,3692,13362,673,61,17865,6/1/2023,,,,,,,,,
Santa Cruz,0,0,181,97,78,0,356,6/1/2023,,,,,,,,,
Shasta,0,0,81,48,41,4,174,6/1/2023,,,,,,,,,
Sierra,0,0,2,0,0,0,2,6/1/2023,,,,,,,,,
Siskiyou,0,1,18,0,49,0,68,6/1/2023,,,,,,,,,
Solano,2,0,235,183,138,2,560,6/1/2023,,,,,,,,,
Sonoma,0,0,480,228,118,19,845,6/1/2023,,,,,,,,,
Stanislaus,0,1,72,47,55,3,178,6/1/2023,,,,,,,,,
Sutter,0,0,2,5,16,1,24,6/1/2023,,,,,,,,,
Tehama,0,0,12,46,32,1,91,6/1/2023,,,,,,,,,
Trinity,0,0,4,0,10,0,14,6/1/2023,,,,,,,,,
Tulare,0,3,120,64,69,23,279,6/1/2023,,,,,,,,,
Tuolumne,0,0,32,12,10,0,54,6/1/2023,,,,,,,,,
Ventura,4,0,389,320,151,6,870,6/1/2023,,,,,,,,,
Yolo,14,0,216,132,61,4,427,6/1/2023,,,,,,,,,
Yuba,0,0,20,51,8,0,79,6/1/2023,,,,,,,,,
Alameda,4,66,1473,2465,385,37,4430,12/1/2023,,,,,,,,,
Alpine,0,0,6,0,0,0,6,12/1/2023,,,,,,,,,
Amador,0,0,26,0,8,0,34,12/1/2023,,,,,,,,,
Butte,6,0,59,55,26,0,146,12/1/2023,,,,,,,,,
Calaveras,0,2,11,0,12,0,25,12/1/2023,,,,,,,,,
Colusa,0,0,14,2,18,0,34,12/1/2023,,,,,,,,,
Contra Costa,0,2,633,606,254,8,1503,12/1/2023,,,,,,,,,
Del Norte,0,0,14,1,22,2,39,12/1/2023,,,,,,,,,
El Dorado,1,0,138,4,45,1,189,12/1/2023,,,,,,,,,
Fresno,22,1,487,455,312,14,1291,12/1/2023,,,,,,,,,
Glenn,0,0,4,0,10,0,14,12/1/2023,,,,,,,,,
Humboldt,0,0,111,10,33,0,154,12/1/2023,,,,,,,,,
Imperial,0,0,12,12,24,1,49,12/1/2023,,,,,,,,,
Inyo,0,0,8,5,34,1,48,12/1/2023,,,,,,,,,
Kern,5,1,181,248,252,4,691,12/1/2023,,,,,,,,,
Kings,0,0,49,247,114,0,410,12/1/2023,,,,,,,,,
Lake,0,0,14,0,0,0,14,12/1/2023,,,,,,,,,
Lassen,0,1,7,0,8,0,16,12/1/2023,,,,,,,,,
Los Angeles,29,120,7269,17751,1556,290,27015,12/1/2023,,,,,,,,,
Madera,0,1,53,40,86,10,190,12/1/2023,,,,,,,,,
Marin,1,0,459,484,83,0,1027,12/1/2023,,,,,,,,,
Mariposa,0,0,28,0,18,0,46,12/1/2023,,,,,,,,,
Mendocino,0,0,127,20,39,0,186,12/1/2023,,,,,,,,,
Merced,10,2,33,31,56,3,135,12/1/2023,,,,,,,,,
Modoc,0,0,4,0,8,0,12,12/1/2023,,,,,,,,,
Mono,0,0,19,7,12,0,38,12/1/2023,,,,,,,,,
Monterey,0,0,216,62,145,1,424,12/1/2023,,,,,,,,,
Napa,0,0,330,24,42,0,396,12/1/2023,,,,,,,,,
Nevada,0,1,72,43,53,0,169,12/1/2023,,,,,,,,,
Orange,1,0,2666,1994,700,22,5383,12/1/2023,,,,,,,,,
Placer,0,1,207,106,137,4,455,12/1/2023,,,,,,,,,
Plumas,0,0,7,0,0,0,7,12/1/2023,,,,,,,,,
Riverside,0,1,990,179,454,11,1635,12/1/2023,,,,,,,,,
Sacramento,65,18,988,646,303,20,2040,12/1/2023,,,,,,,,,
San Benito,0,0,10,10,25,0,45,12/1/2023,,,,,,,,,
San Bernardino,3,11,679,490,467,32,1682,12/1/2023,,,,,,,,,
San Diego,2,17,2266,4860,561,29,7735,12/1/2023,,,,,,,,,
San Francisco,9,6,656,1126,121,34,1952,12/1/2023,,,,,,,,,
San Joaquin,0,0,198,280,141,13,632,12/1/2023,,,,,,,,,
San Luis Obispo,0,1,360,158,129,2,650,12/1/2023,,,,,,,,,
San Mateo,2,36,2013,2196,301,9,4557,12/1/2023,,,,,,,,,
Santa Barbara,1,2,286,124,97,2,512,12/1/2023,,,,,,,,,
Santa Clara,2,75,3632,13192,659,61,17621,12/1/2023,,,,,,,,,
Santa Cruz,1,0,188,91,79,0,359,12/1/2023,,,,,,,,,
Shasta,0,0,71,48,30,4,153,12/1/2023,,,,,,,,,
Sierra,0,0,1,0,0,0,1,12/1/2023,,,,,,,,,
Siskiyou,0,1,24,0,42,0,67,12/1/2023,,,,,,,,,
Solano,2,0,223,150,105,2,482,12/1/2023,,,,,,,,,
Sonoma,0,0,444,228,125,19,816,12/1/2023,,,,,,,,,
Stanislaus,0,1,78,47,59,3,188,12/1/2023,,,,,,,,,
Sutter,0,0,0,5,16,1,22,12/1/2023,,,,,,,,,
Tehama,0,0,8,46,32,1,87,12/1/2023,,,,,,,,,
Trinity,0,0,4,0,10,0,14,12/1/2023,,,,,,,,,
Tulare,0,3,80,64,61,23,231,12/1/2023,,,,,,,,,
Tuolumne,0,0,32,12,14,0,58,12/1/2023,,,,,,,,,
Ventura,4,0,387,312,149,6,858,12/1/2023,,,,,,,,,
Yolo,14,0,205,132,57,4,412,12/1/2023,,,,,,,,,
Yuba,0,0,20,51,4,0,75,12/1/2023,,,,,,,,,
Alameda,0,70,1465,2334,375,38,4282,9/1/2022,,,,,,,,,
Alpine,0,0,16,0,0,0,16,9/1/2022,,,,,,,,,
Amador,0,0,25,0,8,0,33,9/1/2022,,,,,,,,,
Butte,6,0,59,46,27,1,139,9/1/2022,,,,,,,,,
Calaveras,0,2,9,0,12,0,23,9/1/2022,,,,,,,,,
Colusa,0,0,16,0,18,0,34,9/1/2022,,,,,,,,,
Contra Costa,0,2,630,608,251,4,1495,9/1/2022,,,,,,,,,
Del Norte,0,0,14,1,22,2,39,9/1/2022,,,,,,,,,
El Dorado,1,0,140,4,48,1,194,9/1/2022,,,,,,,,,
Fresno,8,1,507,412,217,13,1158,9/1/2022,,,,,,,,,
Glenn,0,0,4,0,10,0,14,9/1/2022,,,,,,,,,
Humboldt,0,0,109,10,31,0,150,9/1/2022,,,,,,,,,
Imperial,0,0,12,12,20,1,45,9/1/2022,,,,,,,,,
Inyo,0,0,8,5,35,1,49,9/1/2022,,,,,,,,,
Kern,4,1,165,248,226,2,646,9/1/2022,,,,,,,,,
Kings,0,0,49,22,105,0,176,9/1/2022,,,,,,,,,
Lake,0,0,15,0,0,0,15,9/1/2022,,,,,,,,,
Lassen,0,1,7,0,8,0,16,9/1/2022,,,,,,,,,
Los Angeles,29,120,7440,16498,1352,246,25685,9/1/2022,,,,,,,,,
Madera,0,1,47,18,85,10,161,9/1/2022,,,,,,,,,
Marin,1,0,467,382,83,0,933,9/1/2022,,,,,,,,,
Mariposa,0,0,23,0,10,0,33,9/1/2022,,,,,,,,,
Mendocino,0,0,129,20,51,0,200,9/1/2022,,,,,,,,,
Merced,10,2,35,31,96,3,177,9/1/2022,,,,,,,,,
Modoc,0,0,4,0,8,0,12,9/1/2022,,,,,,,,,
Mono,0,0,19,7,12,0,38,9/1/2022,,,,,,,,,
Monterey,0,0,198,44,151,1,394,9/1/2022,,,,,,,,,
Napa,0,0,325,24,42,0,391,9/1/2022,,,,,,,,,
Nevada,0,1,73,43,44,0,161,9/1/2022,,,,,,,,,
Orange,1,0,2694,1853,644,22,5214,9/1/2022,,,,,,,,,
Placer,0,1,228,64,128,4,425,9/1/2022,,,,,,,,,
Plumas,0,0,7,0,0,0,7,9/1/2022,,,,,,,,,
Riverside,0,1,956,142,398,11,1508,9/1/2022,,,,,,,,,
Sacramento,69,18,988,386,276,19,1756,9/1/2022,,,,,,,,,
San Benito,0,0,8,10,25,0,43,9/1/2022,,,,,,,,,
San Bernardino,3,11,641,495,435,30,1615,9/1/2022,,,,,,,,,
San Diego,2,17,2343,4462,505,29,7358,9/1/2022,,,,,,,,,
San Francisco,9,6,579,697,118,27,1436,9/1/2022,,,,,,,,,
San Joaquin,0,0,192,276,131,13,612,9/1/2022,,,,,,,,,
San Luis Obispo,0,1,340,145,130,0,616,9/1/2022,,,,,,,,,
San Mateo,2,36,2057,2029,302,10,4436,9/1/2022,,,,,,,,,
Santa Barbara,1,2,290,112,97,2,504,9/1/2022,,,,,,,,,
Santa Clara,3,75,3548,11927,631,43,16227,9/1/2022,,,,,,,,,
Santa Cruz,1,0,193,77,74,0,345,9/1/2022,,,,,,,,,
Shasta,0,0,55,48,31,4,138,9/1/2022,,,,,,,,,
Sierra,0,0,1,0,0,0,1,9/1/2022,,,,,,,,,
Siskiyou,0,1,24,0,42,0,67,9/1/2022,,,,,,,,,
Solano,5,0,213,148,107,0,473,9/1/2022,,,,,,,,,
Sonoma,0,0,450,208,117,19,794,9/1/2022,,,,,,,,,
Stanislaus,0,1,70,40,59,1,171,9/1/2022,,,,,,,,,
Sutter,0,0,5,5,16,1,27,9/1/2022,,,,,,,,,
Tehama,0,0,12,46,32,1,91,9/1/2022,,,,,,,,,
Trinity,0,0,4,0,10,0,14,9/1/2022,,,,,,,,,
Tulare,0,3,59,64,63,23,212,9/1/2022,,,,,,,,,
Tuolumne,0,0,34,12,14,0,60,9/1/2022,,,,,,,,,
Ventura,4,0,344,312,144,6,810,9/1/2022,,,,,,,,,
Yolo,12,0,208,124,50,4,398,9/1/2022,,,,,,,,,
Yuba,0,0,20,39,0,0,59,9/1/2022,,,,,,,,,
Alameda,0,70,1724,2104,366,34,5139,6/1/2022,,,,,,,,,
Alpine,0,0,16,0,0,0,16,6/1/2022,,,,,,,,,
Amador,0,0,25,0,8,0,33,6/1/2022,,,,,,,,,
Butte,6,0,66,46,27,1,158,6/1/2022,,,,,,,,,
Calaveras,0,2,9,0,12,0,23,6/1/2022,,,,,,,,,
Colusa,0,0,18,0,18,0,36,6/1/2022,,,,,,,,,
Contra Costa,2,2,575,445,245,1,1699,6/1/2022,,,,,,,,,
Del Norte,0,0,12,1,17,2,32,6/1/2022,,,,,,,,,
El Dorado,1,0,144,0,48,0,193,6/1/2022,,,,,,,,,
Fresno,8,1,577,381,225,9,1321,6/1/2022,,,,,,,,,
Glenn,0,0,4,0,10,0,14,6/1/2022,,,,,,,,,
Humboldt,0,0,116,10,22,0,148,6/1/2022,,,,,,,,,
Imperial,0,0,12,11,20,0,43,6/1/2022,,,,,,,,,
Inyo,0,0,8,5,35,1,49,6/1/2022,,,,,,,,,
Kern,4,1,171,229,190,1,629,6/1/2022,,,,,,,,,
Kings,0,0,51,16,101,0,168,6/1/2022,,,,,,,,,
Lake,0,0,15,0,0,0,15,6/1/2022,,,,,,,,,
Lassen,0,1,7,0,8,0,16,6/1/2022,,,,,,,,,
Los Angeles,31,120,7651,15360,1244,181,24615,6/1/2022,,,,,,,,,
Madera,0,1,51,5,93,2,152,6/1/2022,,,,,,,,,
Marin,1,0,490,308,83,0,1052,6/1/2022,,,,,,,,,
Mariposa,0,0,35,0,10,0,45,6/1/2022,,,,,,,,,
Mendocino,0,0,118,7,37,0,162,6/1/2022,,,,,,,,,
Merced,10,2,40,19,48,3,134,6/1/2022,,,,,,,,,
Modoc,0,0,4,0,8,0,12,6/1/2022,,,,,,,,,
Mono,0,0,20,5,12,0,37,6/1/2022,,,,,,,,,
Monterey,1,0,217,44,136,2,400,6/1/2022,,,,,,,,,
Napa,0,0,321,17,46,0,403,6/1/2022,,,,,,,,,
Nevada,0,1,63,43,45,0,152,6/1/2022,,,,,,,,,
Orange,1,0,2777,1787,600,24,5189,6/1/2022,,,,,,,,,
Placer,0,1,225,56,128,2,448,6/1/2022,,,,,,,,,
Plumas,0,0,8,0,0,0,8,6/1/2022,,,,,,,,,
Riverside,0,1,969,113,401,9,1493,6/1/2022,,,,,,,,,
Sacramento,69,18,909,534,259,18,1839,6/1/2022,,,,,,,,,
San Benito,0,0,12,10,25,0,47,6/1/2022,,,,,,,,,
San Bernardino,3,11,662,437,419,28,1560,6/1/2022,,,,,,,,,
San Diego,2,17,2286,4259,480,30,7074,6/1/2022,,,,,,,,,
San Francisco,12,6,652,677,113,29,1575,6/1/2022,,,,,,,,,
San Joaquin,0,0,190,207,116,9,596,6/1/2022,,,,,,,,,
San Luis Obispo,0,1,353,81,128,0,640,6/1/2022,,,,,,,,,
San Mateo,3,36,2141,1921,304,17,4799,6/1/2022,,,,,,,,,
Santa Barbara,3,2,311,101,97,1,515,6/1/2022,,,,,,,,,
Santa Clara,3,75,3883,11344,614,40,16981,6/1/2022,,,,,,,,,
Santa Cruz,1,0,192,69,70,0,356,6/1/2022,,,,,,,,,
Shasta,0,0,41,39,23,2,105,6/1/2022,,,,,,,,,
Sierra,0,0,1,0,0,0,1,6/1/2022,,,,,,,,,
Siskiyou,0,1,24,0,43,0,68,6/1/2022,,,,,,,,,
Solano,5,0,251,95,92,2,509,6/1/2022,,,,,,,,,
Sonoma,1,0,472,200,115,15,840,6/1/2022,,,,,,,,,
Stanislaus,1,1,56,31,52,1,158,6/1/2022,,,,,,,,,
Sutter,0,0,5,3,16,0,24,6/1/2022,,,,,,,,,
Tehama,0,0,12,35,32,1,80,6/1/2022,,,,,,,,,
Trinity,0,0,4,0,10,0,14,6/1/2022,,,,,,,,,
Tulare,0,3,55,32,48,22,160,6/1/2022,,,,,,,,,
Tuolumne,0,0,34,4,14,0,52,6/1/2022,,,,,,,,,
Ventura,4,0,409,269,131,8,821,6/1/2022,,,,,,,,,
Yolo,12,0,206,102,50,0,428,6/1/2022,,,,,,,,,
Yuba,0,0,25,33,0,0,60,6/1/2022,,,,,,,,,
Alameda,0,70,1671,2080,347,34,5051,3/1/2022,,,,,,,,,
Alpine,0,0,18,0,0,0,18,3/1/2022,,,,,,,,,
Amador,0,0,25,0,8,0,33,3/1/2022,,,,,,,,,
Butte,6,0,41,45,27,1,132,3/1/2022,,,,,,,,,
Calaveras,0,2,7,0,12,0,21,3/1/2022,,,,,,,,,
Colusa,0,0,18,0,18,0,36,3/1/2022,,,,,,,,,
Contra Costa,2,2,589,442,252,1,1715,3/1/2022,,,,,,,,,
Del Norte,0,0,12,1,17,2,32,3/1/2022,,,,,,,,,
El Dorado,1,0,124,0,48,0,173,3/1/2022,,,,,,,,,
Fresno,8,1,592,373,208,9,1311,3/1/2022,,,,,,,,,
Glenn,0,0,4,0,10,0,14,3/1/2022,,,,,,,,,
Humboldt,0,0,114,10,21,0,145,3/1/2022,,,,,,,,,
Imperial,0,0,12,11,12,0,35,3/1/2022,,,,,,,,,
Inyo,0,0,6,5,29,1,41,3/1/2022,,,,,,,,,
Kern,4,1,164,229,199,1,631,3/1/2022,,,,,,,,,
Kings,0,0,43,16,101,0,160,3/1/2022,,,,,,,,,
Lake,0,0,14,0,0,0,14,3/1/2022,,,,,,,,,
Lassen,0,1,4,0,8,0,13,3/1/2022,,,,,,,,,
Los Angeles,31,147,7367,15036,1140,181,23903,3/1/2022,,,,,,,,,
Madera,0,1,53,6,83,4,147,3/1/2022,,,,,,,,,
Marin,1,0,483,300,83,0,1037,3/1/2022,,,,,,,,,
Mariposa,0,0,25,0,10,0,35,3/1/2022,,,,,,,,,
Mendocino,0,0,114,7,37,0,158,3/1/2022,,,,,,,,,
Merced,10,2,53,19,40,3,139,3/1/2022,,,,,,,,,
Modoc,0,0,4,0,8,0,12,3/1/2022,,,,,,,,,
Mono,0,0,20,5,12,0,37,3/1/2022,,,,,,,,,
Monterey,2,0,215,39,125,2,383,3/1/2022,,,,,,,,,
Napa,0,0,316,17,41,0,393,3/1/2022,,,,,,,,,
Nevada,0,1,65,41,45,0,152,3/1/2022,,,,,,,,,
Orange,1,0,2676,1726,576,24,5003,3/1/2022,,,,,,,,,
Placer,0,1,196,61,128,2,424,3/1/2022,,,,,,,,,
Plumas,0,0,7,0,0,0,7,3/1/2022,,,,,,,,,
Riverside,0,1,938,104,387,11,1441,3/1/2022,,,,,,,,,
Sacramento,69,18,826,544,258,18,1765,3/1/2022,,,,,,,,,
San Benito,0,0,12,10,25,0,47,3/1/2022,,,,,,,,,
San Bernardino,3,11,606,428,348,28,1424,3/1/2022,,,,,,,,,
San Diego,2,17,1887,4221,394,30,6551,3/1/2022,,,,,,,,,
San Francisco,12,6,622,631,113,31,1519,3/1/2022,,,,,,,,,
San Joaquin,0,0,180,207,95,9,565,3/1/2022,,,,,,,,,
San Luis Obispo,0,1,351,81,128,0,638,3/1/2022,,,,,,,,,
San Mateo,2,36,2043,1906,305,19,4688,3/1/2022,,,,,,,,,
Santa Barbara,3,2,303,100,71,1,480,3/1/2022,,,,,,,,,
Santa Clara,3,75,3766,11323,605,40,16831,3/1/2022,,,,,,,,,
Santa Cruz,1,0,178,66,64,0,333,3/1/2022,,,,,,,,,
Shasta,0,0,38,39,11,2,90,3/1/2022,,,,,,,,,
Sierra,0,0,1,0,0,0,1,3/1/2022,,,,,,,,,
Siskiyou,0,1,24,0,43,0,68,3/1/2022,,,,,,,,,
Solano,5,0,244,105,91,2,501,3/1/2022,,,,,,,,,
Sonoma,1,0,413,186,113,15,765,3/1/2022,,,,,,,,,
Stanislaus,1,1,55,31,44,1,149,3/1/2022,,,,,,,,,
Sutter,0,0,5,3,16,0,24,3/1/2022,,,,,,,,,
Tehama,0,0,11,35,19,1,66,3/1/2022,,,,,,,,,
Trinity,0,0,4,0,10,0,14,3/1/2022,,,,,,,,,
Tulare,0,3,51,32,46,22,154,3/1/2022,,,,,,,,,
Tuolumne,0,0,34,4,14,0,52,3/1/2022,,,,,,,,,
Ventura,4,0,390,266,125,7,679,3/1/2022,,,,,,,,,
Yolo,12,0,202,102,50,0,299,3/1/2022,,,,,,,,,
Yuba,0,0,25,33,0,0,41,3/1/2022,,,,,,,,,
Alameda,6,70,1671,1583,332,35,3697,12/1/2021,,,,,,,,,
Alpine,0,0,14,0,0,0,14,12/1/2021,,,,,,,,,
Amador,0,0,25,6,8,0,39,12/1/2021,,,,,,,,,
Butte,6,0,41,23,24,0,94,12/1/2021,,,,,,,,,
Calaveras,0,2,7,0,12,0,21,12/1/2021,,,,,,,,,
Colusa,0,0,18,2,18,0,38,12/1/2021,,,,,,,,,
Contra Costa,3,2,600,599,245,2,1451,12/1/2021,,,,,,,,,
Del Norte,0,0,12,0,17,0,29,12/1/2021,,,,,,,,,
El Dorado,1,0,124,5,49,0,179,12/1/2021,,,,,,,,,
Fresno,8,1,574,329,208,13,1133,12/1/2021,,,,,,,,,
Glenn,0,0,4,0,10,0,14,12/1/2021,,,,,,,,,
Humboldt,0,0,116,12,21,1,150,12/1/2021,,,,,,,,,
Imperial,0,0,8,11,12,0,31,12/1/2021,,,,,,,,,
Inyo,0,0,6,6,29,1,42,12/1/2021,,,,,,,,,
Kern,4,1,155,53,199,4,416,12/1/2021,,,,,,,,,
Kings,0,0,43,60,101,0,204,12/1/2021,,,,,,,,,
Lake,0,0,14,0,0,0,14,12/1/2021,,,,,,,,,
Lassen,0,1,4,0,8,0,13,12/1/2021,,,,,,,,,
Los Angeles,31,147,7380,12252,1042,98,20950,12/1/2021,,,,,,,,,
Madera,0,1,53,17,57,2,130,12/1/2021,,,,,,,,,
Marin,1,0,463,187,87,1,739,12/1/2021,,,,,,,,,
Mariposa,0,0,14,0,10,0,24,12/1/2021,,,,,,,,,
Mendocino,0,0,112,11,37,0,160,12/1/2021,,,,,,,,,
Merced,10,2,51,21,39,2,125,12/1/2021,,,,,,,,,
Modoc,0,0,4,0,8,0,12,12/1/2021,,,,,,,,,
Mono,0,0,20,0,12,0,32,12/1/2021,,,,,,,,,
Monterey,4,0,242,78,127,1,452,12/1/2021,,,,,,,,,
Napa,0,0,316,33,43,1,393,12/1/2021,,,,,,,,,
Nevada,0,1,65,5,45,0,116,12/1/2021,,,,,,,,,
Orange,4,0,2714,2581,533,20,5852,12/1/2021,,,,,,,,,
Placer,0,1,196,106,115,1,419,12/1/2021,,,,,,,,,
Plumas,0,0,7,0,0,0,7,12/1/2021,,,,,,,,,
Riverside,3,1,981,186,367,10,1548,12/1/2021,,,,,,,,,
Sacramento,69,18,825,639,256,6,1813,12/1/2021,,,,,,,,,
San Benito,0,0,12,10,25,0,47,12/1/2021,,,,,,,,,
San Bernardino,3,11,604,373,344,32,1367,12/1/2021,,,,,,,,,
San Diego,2,17,1984,7649,379,49,10080,12/1/2021,,,,,,,,,
San Francisco,36,6,688,772,104,24,1630,12/1/2021,,,,,,,,,
San Joaquin,0,0,158,191,83,10,442,12/1/2021,,,,,,,,,
San Luis Obispo,0,1,338,98,128,1,566,12/1/2021,,,,,,,,,
San Mateo,2,36,2112,2054,281,26,4511,12/1/2021,,,,,,,,,
Santa Barbara,4,2,328,157,64,2,557,12/1/2021,,,,,,,,,
Santa Clara,3,75,3849,11440,565,55,15987,12/1/2021,,,,,,,,,
Santa Cruz,1,0,166,78,62,0,307,12/1/2021,,,,,,,,,
Shasta,0,0,38,38,7,3,86,12/1/2021,,,,,,,,,
Sierra,0,0,1,0,0,0,1,12/1/2021,,,,,,,,,
Siskiyou,0,1,24,4,43,0,72,12/1/2021,,,,,,,,,
Solano,5,0,250,126,85,5,471,12/1/2021,,,,,,,,,
Sonoma,4,0,434,228,113,15,794,12/1/2021,,,,,,,,,
Stanislaus,1,1,57,35,44,13,151,12/1/2021,,,,,,,,,
Sutter,0,0,5,6,16,0,27,12/1/2021,,,,,,,,,
Tehama,0,0,11,4,20,0,35,12/1/2021,,,,,,,,,
Trinity,0,0,4,0,2,0,6,12/1/2021,,,,,,,,,
Tulare,0,3,42,11,45,22,123,12/1/2021,,,,,,,,,
Tuolumne,0,0,34,6,38,0,78,12/1/2021,,,,,,,,,
Ventura,5,0,423,332,126,8,894,12/1/2021,,,,,,,,,
Yolo,12,0,205,127,50,0,394,12/1/2021,,,,,,,,,
Yuba,0,0,25,7,0,0,32,12/1/2021,,,,,,,,,
Alameda,14,66,1633,1554,315,43,3625,9/1/2021,,,,,,,,,
Alpine,0,0,14,1,0,0,15,9/1/2021,,,,,,,,,
Amador,0,0,25,7,8,0,40,9/1/2021,,,,,,,,,
Butte,6,0,41,22,21,2,92,9/1/2021,,,,,,,,,
Calaveras,0,2,7,0,12,0,21,9/1/2021,,,,,,,,,
Colusa,0,0,18,2,14,0,34,9/1/2021,,,,,,,,,
Contra Costa,7,2,599,660,208,7,1483,9/1/2021,,,,,,,,,
Del Norte,0,0,12,0,17,0,29,9/1/2021,,,,,,,,,
El Dorado,1,0,124,6,49,1,181,9/1/2021,,,,,,,,,
Fresno,8,1,566,346,209,13,1143,9/1/2021,,,,,,,,,
Glenn,0,0,4,0,10,0,14,9/1/2021,,,,,,,,,
Humboldt,0,0,107,13,21,1,142,9/1/2021,,,,,,,,,
Imperial,0,0,8,13,12,0,33,9/1/2021,,,,,,,,,
Inyo,0,0,6,6,26,1,39,9/1/2021,,,,,,,,,
Kern,4,1,126,52,171,5,359,9/1/2021,,,,,,,,,
Kings,0,0,43,60,45,0,148,9/1/2021,,,,,,,,,
Lake,0,0,14,3,0,0,17,9/1/2021,,,,,,,,,
Lassen,0,1,4,1,8,0,14,9/1/2021,,,,,,,,,
Los Angeles,33,147,7124,12141,944,131,20520,9/1/2021,,,,,,,,,
Madera,0,1,53,19,49,0,122,9/1/2021,,,,,,,,,
Marin,4,0,449,189,87,5,734,9/1/2021,,,,,,,,,
Mariposa,0,0,20,0,10,0,30,9/1/2021,,,,,,,,,
Mendocino,0,0,108,13,37,0,158,9/1/2021,,,,,,,,,
Merced,10,2,51,37,39,3,142,9/1/2021,,,,,,,,,
Modoc,0,0,4,0,8,0,12,9/1/2021,,,,,,,,,
Mono,0,0,20,0,12,0,32,9/1/2021,,,,,,,,,
Monterey,9,0,230,80,105,1,425,9/1/2021,,,,,,,,,
Napa,0,0,314,31,43,2,390,9/1/2021,,,,,,,,,
Nevada,0,1,48,7,33,0,89,9/1/2021,,,,,,,,,
Orange,9,0,2638,2477,495,38,5657,9/1/2021,,,,,,,,,
Placer,0,1,185,102,111,3,402,9/1/2021,,,,,,,,,
Plumas,0,0,7,0,0,0,7,9/1/2021,,,,,,,,,
Riverside,7,1,929,199,350,9,1495,9/1/2021,,,,,,,,,
Sacramento,68,18,732,793,218,7,1836,9/1/2021,,,,,,,,,
San Benito,0,0,14,10,25,0,49,9/1/2021,,,,,,,,,
San Bernardino,3,11,557,545,318,44,1478,9/1/2021,,,,,,,,,
San Diego,2,17,1938,4901,364,56,7278,9/1/2021,,,,,,,,,
San Francisco,52,6,695,957,104,26,1840,9/1/2021,,,,,,,,,
San Joaquin,0,0,143,174,80,10,407,9/1/2021,,,,,,,,,
San Luis Obispo,0,1,304,105,102,1,513,9/1/2021,,,,,,,,,
San Mateo,2,36,2124,2232,267,40,4701,9/1/2021,,,,,,,,,
Santa Barbara,5,2,295,168,49,3,522,9/1/2021,,,,,,,,,
Santa Clara,3,75,3756,12011,551,102,16498,9/1/2021,,,,,,,,,
Santa Cruz,1,0,158,89,58,0,306,9/1/2021,,,,,,,,,
Shasta,0,0,25,58,6,3,92,9/1/2021,,,,,,,,,
Sierra,0,0,1,0,0,0,1,9/1/2021,,,,,,,,,
Siskiyou,0,1,20,4,43,0,68,9/1/2021,,,,,,,,,
Solano,5,0,230,101,81,4,421,9/1/2021,,,,,,,,,
Sonoma,7,0,435,247,97,17,803,9/1/2021,,,,,,,,,
Stanislaus,0,1,57,43,44,13,158,9/1/2021,,,,,,,,,
Sutter,0,0,12,9,12,0,33,9/1/2021,,,,,,,,,
Tehama,0,0,7,4,20,0,31,9/1/2021,,,,,,,,,
Trinity,0,0,4,0,2,0,6,9/1/2021,,,,,,,,,
Tulare,0,3,42,12,45,22,124,9/1/2021,,,,,,,,,
Tuolumne,0,0,32,8,14,0,54,9/1/2021,,,,,,,,,
Ventura,8,0,417,325,125,19,894,9/1/2021,,,,,,,,,
Yolo,12,0,196,130,50,0,388,9/1/2021,,,,,,,,,
Yuba,0,0,9,7,0,0,16,9/1/2021,,,,,,,,,
Alameda,14,63,1633,1497,310,43,3560,6/1/2021,,,,,,,,,
Alpine,0,0,14,1,0,0,15,6/1/2021,,,,,,,,,
Amador,0,0,25,7,8,0,40,6/1/2021,,,,,,,,,
Butte,6,0,44,22,17,2,91,6/1/2021,,,,,,,,,
Calaveras,0,0,7,0,12,0,19,6/1/2021,,,,,,,,,
Colusa,0,0,18,2,10,0,30,6/1/2021,,,,,,,,,
Contra Costa,7,2,582,660,203,7,1461,6/1/2021,,,,,,,,,
Del Norte,0,0,10,0,15,0,25,6/1/2021,,,,,,,,,
El Dorado,1,0,124,6,45,1,177,6/1/2021,,,,,,,,,
Fresno,8,1,562,346,197,13,1127,6/1/2021,,,,,,,,,
Glenn,0,0,4,0,10,0,14,6/1/2021,,,,,,,,,
Humboldt,0,0,99,13,21,1,134,6/1/2021,,,,,,,,,
Imperial,0,0,8,13,12,0,33,6/1/2021,,,,,,,,,
Inyo,0,0,6,6,26,1,39,6/1/2021,,,,,,,,,
Kern,4,0,126,52,119,5,306,6/1/2021,,,,,,,,,
Kings,0,0,42,60,45,0,147,6/1/2021,,,,,,,,,
Lake,0,0,14,3,0,0,17,6/1/2021,,,,,,,,,
Lassen,0,1,4,1,0,0,6,6/1/2021,,,,,,,,,
Los Angeles,33,147,7087,11954,842,130,20193,6/1/2021,,,,,,,,,
Madera,0,0,53,19,49,0,121,6/1/2021,,,,,,,,,
Marin,4,0,445,189,87,5,730,6/1/2021,,,,,,,,,
Mariposa,0,0,8,0,8,0,16,6/1/2021,,,,,,,,,
Mendocino,0,0,110,11,37,0,158,6/1/2021,,,,,,,,,
Merced,10,2,51,37,39,3,142,6/1/2021,,,,,,,,,
Modoc,0,0,4,0,8,0,12,6/1/2021,,,,,,,,,
Mono,0,0,20,0,12,0,32,6/1/2021,,,,,,,,,
Monterey,12,0,233,80,105,1,431,6/1/2021,,,,,,,,,
Napa,0,0,312,31,43,2,388,6/1/2021,,,,,,,,,
Nevada,0,0,48,7,33,0,88,6/1/2021,,,,,,,,,
Orange,9,0,2552,2401,477,38,5477,6/1/2021,,,,,,,,,
Placer,0,1,149,102,110,3,365,6/1/2021,,,,,,,,,
Plumas,0,0,7,0,0,0,7,6/1/2021,,,,,,,,,
Riverside,7,1,902,198,324,9,1441,6/1/2021,,,,,,,,,
Sacramento,83,6,768,793,195,7,1852,6/1/2021,,,,,,,,,
San Benito,0,0,12,10,25,0,47,6/1/2021,,,,,,,,,
San Bernardino,3,3,566,511,288,44,1415,6/1/2021,,,,,,,,,
San Diego,2,5,1955,4874,307,56,7199,6/1/2021,,,,,,,,,
San Francisco,52,5,669,815,104,26,1671,6/1/2021,,,,,,,,,
San Joaquin,0,0,139,174,79,10,402,6/1/2021,,,,,,,,,
San Luis Obispo,0,1,304,105,102,1,513,6/1/2021,,,,,,,,,
San Mateo,2,36,2039,2085,258,39,4459,6/1/2021,,,,,,,,,
Santa Barbara,5,2,281,164,37,3,492,6/1/2021,,,,,,,,,
Santa Clara,6,74,3722,11755,549,96,16202,6/1/2021,,,,,,,,,
Santa Cruz,1,0,153,89,57,0,300,6/1/2021,,,,,,,,,
Shasta,0,0,25,58,7,3,93,6/1/2021,,,,,,,,,
Sierra,0,0,1,0,0,0,1,6/1/2021,,,,,,,,,
Siskiyou,0,0,20,4,43,0,67,6/1/2021,,,,,,,,,
Solano,5,0,231,101,80,4,421,6/1/2021,,,,,,,,,
Sonoma,7,0,432,245,90,17,791,6/1/2021,,,,,,,,,
Stanislaus,0,0,57,43,37,13,150,6/1/2021,,,,,,,,,
Sutter,0,0,10,9,12,0,31,6/1/2021,,,,,,,,,
Tehama,0,0,7,4,19,0,30,6/1/2021,,,,,,,,,
Trinity,0,0,4,0,2,0,6,6/1/2021,,,,,,,,,
Tulare,0,0,42,12,43,22,119,6/1/2021,,,,,,,,,
Tuolumne,0,0,32,8,10,0,50,6/1/2021,,,,,,,,,
Ventura,8,0,416,325,125,19,893,6/1/2021,,,,,,,,,
Yolo,12,0,195,130,49,0,386,6/1/2021,,,,,,,,,
Yuba,0,0,9,7,0,0,16,6/1/2021,,,,,,,,,
Alameda,14,63,1635,1497,292,43,3544,3/1/2021,,,,,,,,,
Alpine,0,0,14,1,0,0,15,3/1/2021,,,,,,,,,
Amador,0,0,25,7,8,0,40,3/1/2021,,,,,,,,,
Butte,6,0,36,22,16,2,82,3/1/2021,,,,,,,,,
Calaveras,0,0,7,0,12,0,19,3/1/2021,,,,,,,,,
Colusa,0,0,16,2,10,0,28,3/1/2021,,,,,,,,,
Contra Costa,7,2,574,660,205,7,1455,3/1/2021,,,,,,,,,
Del Norte,0,0,10,0,15,0,25,3/1/2021,,,,,,,,,
El Dorado,1,0,122,6,37,1,167,3/1/2021,,,,,,,,,
Fresno,8,1,541,346,183,13,1092,3/1/2021,,,,,,,,,
Glenn,0,0,4,0,10,0,14,3/1/2021,,,,,,,,,
Humboldt,0,0,89,13,21,1,124,3/1/2021,,,,,,,,,
Imperial,0,0,8,13,12,0,33,3/1/2021,,,,,,,,,
Inyo,0,0,6,3,26,0,35,3/1/2021,,,,,,,,,
Kern,4,0,122,52,115,5,298,3/1/2021,,,,,,,,,
Kings,0,0,42,60,45,0,147,3/1/2021,,,,,,,,,
Lake,0,0,12,3,0,0,15,3/1/2021,,,,,,,,,
Lassen,0,1,4,1,0,0,6,3/1/2021,,,,,,,,,
Los Angeles,33,147,6872,11886,792,142,19872,3/1/2021,,,,,,,,,
Madera,0,0,53,19,49,0,121,3/1/2021,,,,,,,,,
Marin,7,0,440,189,87,5,728,3/1/2021,,,,,,,,,
Mariposa,0,0,8,0,8,0,16,3/1/2021,,,,,,,,,
Mendocino,0,0,110,11,25,0,146,3/1/2021,,,,,,,,,
Merced,10,2,51,37,35,3,138,3/1/2021,,,,,,,,,
Modoc,0,0,4,0,0,0,4,3/1/2021,,,,,,,,,
Mono,0,0,20,0,12,0,32,3/1/2021,,,,,,,,,
Monterey,15,0,239,80,89,1,424,3/1/2021,,,,,,,,,
Napa,0,0,312,31,41,2,386,3/1/2021,,,,,,,,,
Nevada,0,0,48,7,33,0,88,3/1/2021,,,,,,,,,
Orange,9,0,2491,2401,442,38,5381,3/1/2021,,,,,,,,,
Placer,0,1,138,114,105,3,361,3/1/2021,,,,,,,,,
Plumas,0,0,7,0,0,0,7,3/1/2021,,,,,,,,,
Riverside,7,1,882,198,325,9,1422,3/1/2021,,,,,,,,,
Sacramento,83,6,770,793,191,7,1850,3/1/2021,,,,,,,,,
San Benito,0,0,12,10,25,0,47,3/1/2021,,,,,,,,,
San Bernardino,3,3,547,511,287,44,1395,3/1/2021,,,,,,,,,
San Diego,2,5,1942,4874,297,50,7170,3/1/2021,,,,,,,,,
San Francisco,55,5,673,795,55,26,1609,3/1/2021,,,,,,,,,
San Joaquin,0,0,138,174,75,10,397,3/1/2021,,,,,,,,,
San Luis Obispo,1,0,305,104,82,1,493,3/1/2021,,,,,,,,,
San Mateo,2,36,1887,2085,233,39,4282,3/1/2021,,,,,,,,,
Santa Barbara,5,2,290,164,35,3,499,3/1/2021,,,,,,,,,
Santa Clara,9,74,3692,11755,493,96,16119,3/1/2021,,,,,,,,,
Santa Cruz,1,0,155,89,57,0,302,3/1/2021,,,,,,,,,
Shasta,0,0,25,58,7,3,93,3/1/2021,,,,,,,,,
Sierra,0,0,1,0,0,0,1,3/1/2021,,,,,,,,,
Siskiyou,0,0,20,4,32,0,56,3/1/2021,,,,,,,,,
Solano,5,0,203,101,81,4,394,3/1/2021,,,,,,,,,
Sonoma,9,0,426,245,92,17,789,3/1/2021,,,,,,,,,
Stanislaus,0,0,57,43,38,13,151,3/1/2021,,,,,,,,,
Sutter,0,0,10,9,12,0,31,3/1/2021,,,,,,,,,
Tehama,0,0,7,4,20,0,31,3/1/2021,,,,,,,,,
Trinity,0,0,4,0,2,0,6,3/1/2021,,,,,,,,,
Tulare,0,0,43,12,43,10,108,3/1/2021,,,,,,,,,
Tuolumne,0,0,32,8,10,0,50,3/1/2021,,,,,,,,,
Ventura,8,0,415,325,125,19,892,3/1/2021,,,,,,,,,
Yolo,12,0,195,130,49,0,386,3/1/2021,,,,,,,,,
Yuba,0,0,9,7,0,0,16,3/1/2021,,,,,,,,,
Alameda,14,14,1519,1472,296,38,3353,12/1/2020,,,,,,,,,
Alpine,0,0,14,1,0,0,15,12/1/2020,,,,,,,,,
Amador,0,0,25,7,8,0,40,12/1/2020,,,,,,,,,
Butte,6,0,30,22,16,2,76,12/1/2020,,,,,,,,,
Calaveras,0,0,7,0,0,0,7,12/1/2020,,,,,,,,,
Colusa,0,0,16,2,10,0,28,12/1/2020,,,,,,,,,
Contra Costa,8,0,514,658,168,7,1355,12/1/2020,,,,,,,,,
Del Norte,0,0,10,0,20,0,30,12/1/2020,,,,,,,,,
El Dorado,1,0,122,6,43,1,173,12/1/2020,,,,,,,,,
Fresno,8,0,391,333,175,14,921,12/1/2020,,,,,,,,,
Glenn,0,0,4,0,10,0,14,12/1/2020,,,,,,,,,
Humboldt,0,0,76,13,22,1,112,12/1/2020,,,,,,,,,
Imperial,0,0,8,7,12,0,27,12/1/2020,,,,,,,,,
Inyo,0,0,8,3,26,0,37,12/1/2020,,,,,,,,,
Kern,4,0,108,60,102,5,279,12/1/2020,,,,,,,,,
Kings,0,0,42,60,42,0,144,12/1/2020,,,,,,,,,
Lake,0,0,12,3,0,0,15,12/1/2020,,,,,,,,,
Lassen,0,0,4,1,0,0,5,12/1/2020,,,,,,,,,
Los Angeles,33,46,6560,11694,787,116,19236,12/1/2020,,,,,,,,,
Madera,0,0,50,19,44,0,113,12/1/2020,,,,,,,,,
Marin,8,0,417,189,87,5,706,12/1/2020,,,,,,,,,
Mariposa,0,0,8,0,8,0,16,12/1/2020,,,,,,,,,
Mendocino,0,0,104,11,29,0,144,12/1/2020,,,,,,,,,
Merced,10,0,52,37,28,3,130,12/1/2020,,,,,,,,,
Modoc,0,0,4,0,0,0,4,12/1/2020,,,,,,,,,
Mono,0,0,20,0,12,0,32,12/1/2020,,,,,,,,,
Monterey,15,0,231,82,93,1,422,12/1/2020,,,,,,,,,
Napa,1,0,301,31,39,2,374,12/1/2020,,,,,,,,,
Nevada,0,0,47,7,39,0,93,12/1/2020,,,,,,,,,
Orange,9,0,2384,2324,487,38,5242,12/1/2020,,,,,,,,,
Placer,0,1,133,114,100,3,351,12/1/2020,,,,,,,,,
Plumas,0,0,7,0,0,0,7,12/1/2020,,,,,,,,,
Riverside,7,0,891,198,359,9,1464,12/1/2020,,,,,,,,,
Sacramento,83,6,690,799,192,7,1777,12/1/2020,,,,,,,,,
San Benito,0,0,12,10,28,0,50,12/1/2020,,,,,,,,,
San Bernardino,3,0,524,470,295,46,1338,12/1/2020,,,,,,,,,
San Diego,2,3,1863,4678,287,41,6874,12/1/2020,,,,,,,,,
San Francisco,55,3,661,717,53,16,1505,12/1/2020,,,,,,,,,
San Joaquin,0,0,129,166,84,10,389,12/1/2020,,,,,,,,,
San Luis Obispo,1,0,305,104,82,1,493,12/1/2020,,,,,,,,,
San Mateo,2,16,1656,2119,235,42,4070,12/1/2020,,,,,,,,,
Santa Barbara,7,0,278,167,39,3,494,12/1/2020,,,,,,,,,
Santa Clara,11,20,3181,11599,499,96,15406,12/1/2020,,,,,,,,,
Santa Cruz,1,0,133,89,58,0,281,12/1/2020,,,,,,,,,
Shasta,0,0,25,58,10,3,96,12/1/2020,,,,,,,,,
Sierra,0,0,1,0,0,0,1,12/1/2020,,,,,,,,,
Siskiyou,0,0,20,4,39,0,63,12/1/2020,,,,,,,,,
Solano,5,0,178,102,83,4,372,12/1/2020,,,,,,,,,
Sonoma,14,0,404,231,91,3,743,12/1/2020,,,,,,,,,
Stanislaus,0,0,51,41,40,13,145,12/1/2020,,,,,,,,,
Sutter,0,0,10,9,12,0,31,12/1/2020,,,,,,,,,
Tehama,0,0,5,4,23,0,32,12/1/2020,,,,,,,,,
Trinity,0,0,4,0,4,0,8,12/1/2020,,,,,,,,,
Tulare,0,0,49,12,32,10,103,12/1/2020,,,,,,,,,
Tuolumne,0,0,30,8,9,0,47,12/1/2020,,,,,,,,,
Ventura,6,0,387,312,121,19,845,12/1/2020,,,,,,,,,
Yolo,12,0,156,130,26,0,324,12/1/2020,,,,,,,,,
Yuba,0,0,9,7,0,0,16,12/1/2020,,,,,,,,,
Alameda,14,14,1288,1460,268,38,3082,9/1/2020,,,,,,,,,
Alpine,0,0,12,1,0,0,13,9/1/2020,,,,,,,,,
Amador,0,0,23,7,0,0,30,9/1/2020,,,,,,,,,
Butte,6,0,32,20,16,2,76,9/1/2020,,,,,,,,,
Calaveras,0,0,7,0,0,0,7,9/1/2020,,,,,,,,,
Colusa,0,0,16,2,10,0,28,9/1/2020,,,,,,,,,
Contra Costa,8,0,490,656,164,7,1325,9/1/2020,,,,,,,,,
Del Norte,0,0,10,0,20,0,30,9/1/2020,,,,,,,,,
El Dorado,1,0,117,6,35,1,160,9/1/2020,,,,,,,,,
Fresno,8,0,343,333,81,14,779,9/1/2020,,,,,,,,,
Glenn,0,0,4,0,10,0,14,9/1/2020,,,,,,,,,
Humboldt,1,0,81,13,18,1,114,9/1/2020,,,,,,,,,
Imperial,0,0,8,7,12,0,27,9/1/2020,,,,,,,,,
Inyo,0,0,6,3,14,0,23,9/1/2020,,,,,,,,,
Kern,4,0,122,52,96,5,279,9/1/2020,,,,,,,,,
Kings,0,0,38,60,42,0,140,9/1/2020,,,,,,,,,
Lake,0,0,12,3,0,0,15,9/1/2020,,,,,,,,,
Lassen,0,0,4,1,0,0,5,9/1/2020,,,,,,,,,
Los Angeles,23,103,5844,11685,740,114,18509,9/1/2020,,,,,,,,,
Madera,0,0,50,19,20,0,89,9/1/2020,,,,,,,,,
Marin,12,0,408,189,70,5,684,9/1/2020,,,,,,,,,
Mariposa,0,0,8,0,8,0,16,9/1/2020,,,,,,,,,
Mendocino,2,0,95,11,21,0,129,9/1/2020,,,,,,,,,
Merced,10,0,36,37,28,3,114,9/1/2020,,,,,,,,,
Modoc,0,0,4,0,0,0,4,9/1/2020,,,,,,,,,
Mono,0,0,19,0,12,0,31,9/1/2020,,,,,,,,,
Monterey,15,0,211,68,65,1,360,9/1/2020,,,,,,,,,
Napa,1,0,275,31,39,2,348,9/1/2020,,,,,,,,,
Nevada,0,0,46,7,35,0,88,9/1/2020,,,,,,,,,
Orange,8,0,2102,2325,413,38,4886,9/1/2020,,,,,,,,,
Placer,0,1,127,116,92,3,339,9/1/2020,,,,,,,,,
Plumas,0,0,5,0,0,0,5,9/1/2020,,,,,,,,,
Riverside,7,0,816,194,334,9,1360,9/1/2020,,,,,,,,,
Sacramento,83,6,688,802,179,7,1765,9/1/2020,,,,,,,,,
San Benito,0,0,10,10,22,0,42,9/1/2020,,,,,,,,,
San Bernardino,3,0,509,470,270,45,1297,9/1/2020,,,,,,,,,
San Diego,2,3,1799,4652,263,41,6760,9/1/2020,,,,,,,,,
San Francisco,55,3,633,628,49,16,1384,9/1/2020,,,,,,,,,
San Joaquin,0,0,84,166,66,10,326,9/1/2020,,,,,,,,,
San Luis Obispo,1,0,298,104,82,1,486,9/1/2020,,,,,,,,,
San Mateo,6,16,1397,2072,225,42,3758,9/1/2020,,,,,,,,,
Santa Barbara,11,0,241,167,39,3,461,9/1/2020,,,,,,,,,
Santa Clara,11,20,2824,11526,442,90,14913,9/1/2020,,,,,,,,,
Santa Cruz,2,0,113,89,58,0,262,9/1/2020,,,,,,,,,
Shasta,0,0,23,58,10,3,94,9/1/2020,,,,,,,,,
Sierra,0,0,1,0,0,0,1,9/1/2020,,,,,,,,,
Siskiyou,0,0,20,4,39,0,63,9/1/2020,,,,,,,,,
Solano,5,0,172,102,79,4,362,9/1/2020,,,,,,,,,
Sonoma,14,0,359,231,88,3,695,9/1/2020,,,,,,,,,
Stanislaus,0,0,51,41,40,13,145,9/1/2020,,,,,,,,,
Sutter,0,0,2,9,12,0,23,9/1/2020,,,,,,,,,
Tehama,0,0,5,4,23,0,32,9/1/2020,,,,,,,,,
Trinity,0,0,4,0,4,0,8,9/1/2020,,,,,,,,,
Tulare,0,0,47,12,16,10,85,9/1/2020,,,,,,,,,
Tuolumne,0,0,30,8,9,0,47,9/1/2020,,,,,,,,,
Ventura,6,0,395,326,122,19,868,9/1/2020,,,,,,,,,
Yolo,10,0,156,144,18,0,328,9/1/2020,,,,,,,,,
Yuba,0,0,9,7,0,0,16,9/1/2020,,,,,,,,,
Alameda,14,14,1274,1398,258,32,2990,6/1/2020,,,,,,,,,
Alpine,0,0,12,0,0,0,12,6/1/2020,,,,,,,,,
Amador,0,0,23,6,0,0,29,6/1/2020,,,,,,,,,
Butte,6,0,32,20,16,0,74,6/1/2020,,,,,,,,,
Calaveras,0,0,7,0,0,0,7,6/1/2020,,,,,,,,,
Colusa,0,0,16,2,10,0,28,6/1/2020,,,,,,,,,
Contra Costa,8,0,469,422,167,2,1068,6/1/2020,,,,,,,,,
Del Norte,0,0,10,0,20,0,30,6/1/2020,,,,,,,,,
El Dorado,1,0,109,5,35,0,150,6/1/2020,,,,,,,,,
Fresno,8,0,355,238,77,6,684,6/1/2020,,,,,,,,,
Glenn,0,0,4,0,10,0,14,6/1/2020,,,,,,,,,
Humboldt,1,0,77,8,18,1,105,6/1/2020,,,,,,,,,
Imperial,0,0,0,5,10,0,15,6/1/2020,,,,,,,,,
Inyo,0,0,6,3,14,0,23,6/1/2020,,,,,,,,,
Kern,4,0,106,30,97,4,241,6/1/2020,,,,,,,,,
Kings,0,0,36,44,42,0,122,6/1/2020,,,,,,,,,
Lake,0,0,10,0,0,0,10,6/1/2020,,,,,,,,,
Lassen,0,0,4,0,0,0,4,6/1/2020,,,,,,,,,
Los Angeles,22,105,5711,10161,699,72,16770,6/1/2020,,,,,,,,,
Madera,0,0,48,14,20,2,84,6/1/2020,,,,,,,,,
Marin,11,0,381,184,52,1,629,6/1/2020,,,,,,,,,
Mariposa,0,0,8,0,8,0,16,6/1/2020,,,,,,,,,
Mendocino,2,0,79,8,21,0,110,6/1/2020,,,,,,,,,
Merced,10,0,36,19,27,2,94,6/1/2020,,,,,,,,,
Modoc,0,0,4,0,0,0,4,6/1/2020,,,,,,,,,
Mono,0,0,19,0,12,0,31,6/1/2020,,,,,,,,,
Monterey,15,0,208,59,65,1,348,6/1/2020,,,,,,,,,
Napa,1,0,249,26,39,1,316,6/1/2020,,,,,,,,,
Nevada,0,0,46,5,35,0,86,6/1/2020,,,,,,,,,
Orange,8,0,2114,2265,392,20,4799,6/1/2020,,,,,,,,,
Placer,0,1,125,86,92,1,305,6/1/2020,,,,,,,,,
Plumas,0,0,5,0,0,0,5,6/1/2020,,,,,,,,,
Riverside,7,0,806,161,324,8,1306,6/1/2020,,,,,,,,,
Sacramento,85,7,652,544,144,6,1438,6/1/2020,,,,,,,,,
San Benito,1,0,11,10,22,0,44,6/1/2020,,,,,,,,,
San Bernardino,1,1,502,194,268,33,999,6/1/2020,,,,,,,,,
San Diego,2,3,1708,4088,240,32,6073,6/1/2020,,,,,,,,,
San Francisco,55,3,637,524,33,12,1264,6/1/2020,,,,,,,,,
San Joaquin,0,0,80,149,67,10,306,6/1/2020,,,,,,,,,
San Luis Obispo,1,0,299,91,50,1,442,6/1/2020,,,,,,,,,
San Mateo,7,16,1465,1865,239,25,3617,6/1/2020,,,,,,,,,
Santa Barbara,11,0,240,146,39,1,437,6/1/2020,,,,,,,,,
Santa Clara,11,20,2770,10927,387,49,14164,6/1/2020,,,,,,,,,
Santa Cruz,2,0,113,78,57,0,250,6/1/2020,,,,,,,,,
Shasta,0,0,18,27,10,2,57,6/1/2020,,,,,,,,,
Sierra,0,0,1,0,0,0,1,6/1/2020,,,,,,,,,
Siskiyou,0,0,18,4,33,0,55,6/1/2020,,,,,,,,,
Solano,5,0,169,115,77,3,369,6/1/2020,,,,,,,,,
Sonoma,15,0,360,207,87,1,670,6/1/2020,,,,,,,,,
Stanislaus,5,0,56,17,31,13,122,6/1/2020,,,,,,,,,
Sutter,0,0,2,6,12,0,20,6/1/2020,,,,,,,,,
Tehama,0,0,5,4,23,0,32,6/1/2020,,,,,,,,,
Trinity,0,0,4,0,0,0,4,6/1/2020,,,,,,,,,
Tulare,0,0,45,6,15,10,76,6/1/2020,,,,,,,,,
Tuolumne,0,0,30,6,9,0,45,6/1/2020,,,,,,,,,
Ventura,6,0,392,234,109,8,749,6/1/2020,,,,,,,,,
Yolo,10,0,147,89,18,0,264,6/1/2020,,,,,,,,,
Yuba,0,0,9,5,0,0,14,6/1/2020,,,,,,,,,
